{"cameraMode":{"drawMode":0,"name":"Shaded","section":"Shading Mode"},"sceneLighting":false,"audioPlay":false,"sceneViewState":{"showFog":true,"showMaterialUpdate":false,"showSkybox":false,"showFlares":true,"showImageEffects":true,"showParticleSystems":true},"in2DMode":false,"pivot":{"x":-1.1160000562667847,"y":0.9110000133514404,"z":0.0},"rotation":{"x":-0.00009395109373144805,"y":0.9993910789489746,"z":-0.034802451729774478,"w":-0.002697414718568325},"size":0.7763597369194031,"orthographic":false}